{"cameraMode":{"drawMode":0,"name":"Shaded","section":"Shading Mode"},"sceneLighting":false,"audioPlay":false,"sceneViewState":{"m_AlwaysRefresh":false,"showFog":true,"showSkybox":false,"showFlares":true,"showImageEffects":true,"showParticleSystems":true,"showVisualEffectGraphs":true,"m_FxEnabled":true},"in2DMode":false,"pivot":{"x":62.09000015258789,"y":23.139999389648439,"z":50.88999938964844},"rotation":{"x":0.16509324312210084,"y":-0.6495988965034485,"z":0.14744727313518525,"w":0.7273408770561218},"size":0.8660253882408142,"orthographic":true}